ID,CLASS
1017401.jpg,horse
1031491.jpg,spider
1032347.jpg,cow
1038920.jpg,horse
1041436.jpg,horse
1043085.jpg,spider
1052834.jpg,cow
1055961.jpg,cow
1065796.jpg,horse
1132076.jpg,elephant
1194573.jpg,horse
1213290.jpg,horse
1225904.jpg,horse
1257149.jpg,horse
1268249.jpg,spider
1283096.jpg,cow
1286507.jpg,spider
1296734.jpg,spider
1299699.jpg,spider
1317376.jpg,horse
1330730.jpg,elephant
1339371.jpg,cow
1349593.jpg,elephant
1351546.jpg,spider
1378704.jpg,spider
1407374.jpg,elephant
1426220.jpg,elephant
1434316.jpg,elephant
1551107.jpg,spider
1570964.jpg,spider
1579254.jpg,cow
1611799.jpg,cow
1628464.jpg,spider
1685143.jpg,elephant
1686420.jpg,elephant
1688430.jpg,cow
1711307.jpg,spider
1726914.jpg,cow
1733362.jpg,cow
1782081.jpg,horse
1785022.jpg,horse
1794019.jpg,horse
1824158.jpg,elephant
1831807.jpg,spider
1855528.jpg,spider
1886427.jpg,spider
1904292.jpg,spider
1939295.jpg,horse
1976381.jpg,elephant
1979012.jpg,elephant
1997166.jpg,horse
2004264.jpg,elephant
2010392.jpg,horse
2056462.jpg,spider
2082161.jpg,horse
2099848.jpg,spider
2129735.jpg,spider
2131877.jpg,cow
2149015.jpg,horse
2184085.jpg,cow
2211276.jpg,horse
2235708.jpg,horse
2243564.jpg,cow
2262506.jpg,cow
2273594.jpg,horse
2273946.jpg,elephant
2274828.jpg,spider
2279300.jpg,cow
2298998.jpg,spider
2307197.jpg,elephant
2323599.jpg,elephant
2343214.jpg,elephant
2344707.jpg,cow
2348192.jpg,elephant
2349369.jpg,cow
2354803.jpg,elephant
2363971.jpg,spider
2433381.jpg,spider
2482822.jpg,horse
2502283.jpg,spider
2530919.jpg,horse
2538481.jpg,spider
2590903.jpg,cow
2639274.jpg,spider
2650950.jpg,horse
2714069.jpg,horse
2718937.jpg,elephant
2743429.jpg,cow
2785922.jpg,spider
2795611.jpg,elephant
2806411.jpg,spider
2834217.jpg,spider
2853995.jpg,elephant
2893987.jpg,elephant
2898589.jpg,elephant
2905466.jpg,elephant
2950825.jpg,elephant
2964362.jpg,spider
2997081.jpg,elephant
3002692.jpg,cow
3088300.jpg,horse
3092908.jpg,elephant
3094546.jpg,elephant
3185671.jpg,spider
3203994.jpg,elephant
3234048.jpg,elephant
3308000.jpg,elephant
3316256.jpg,spider
3328900.jpg,elephant
3329615.jpg,horse
3332649.jpg,spider
3352084.jpg,horse
3407235.jpg,spider
3407641.jpg,elephant
3421809.jpg,horse
3455354.jpg,spider
3494160.jpg,cow
3505962.jpg,elephant
3539884.jpg,spider
3555861.jpg,cow
3573068.jpg,spider
3582132.jpg,cow
3611245.jpg,elephant
3665776.jpg,horse
3670718.jpg,cow
3720515.jpg,spider
3785899.jpg,elephant
3801238.jpg,cow
3830989.jpg,spider
3844992.jpg,spider
3857949.jpg,spider
3865772.jpg,cow
3878689.jpg,cow
3886151.jpg,cow
3913902.jpg,horse
3983776.jpg,cow
4020357.jpg,cow
4035569.jpg,cow
4043009.jpg,horse
4108893.jpg,cow
4260460.jpg,spider
4300228.jpg,cow
4305351.jpg,spider
4366262.jpg,spider
4399759.jpg,spider
4403061.jpg,horse
4417328.jpg,horse
4426027.jpg,horse
4449807.jpg,cow
4454418.jpg,spider
4464548.jpg,horse
4472244.jpg,horse
4478215.jpg,cow
4479494.jpg,horse
4487130.jpg,cow
4510475.jpg,elephant
4537487.jpg,horse
4551454.jpg,elephant
4569691.jpg,cow
4658436.jpg,spider
4685138.jpg,horse
4696997.jpg,cow
4785372.jpg,spider
4803116.jpg,spider
4835767.jpg,elephant
4851062.jpg,cow
4857543.jpg,spider
4890427.jpg,horse
4925546.jpg,horse
4943863.jpg,elephant
4949220.jpg,spider
5000254.jpg,cow
5012058.jpg,horse
5064781.jpg,spider
5066873.jpg,spider
5084435.jpg,elephant
5101816.jpg,horse
5114463.jpg,horse
5210735.jpg,horse
5274064.jpg,cow
5277847.jpg,horse
5288793.jpg,elephant
5301548.jpg,horse
5316308.jpg,cow
5333530.jpg,cow
5345329.jpg,elephant
5351598.jpg,horse
5360531.jpg,horse
5383513.jpg,elephant
5399194.jpg,horse
5407164.jpg,horse
5412459.jpg,cow
5427725.jpg,horse
5448654.jpg,horse
5449374.jpg,elephant
5454641.jpg,elephant
5465585.jpg,spider
5483691.jpg,cow
5532117.jpg,horse
5556572.jpg,horse
5565315.jpg,spider
5596098.jpg,horse
5626840.jpg,cow
5633390.jpg,spider
5683122.jpg,cow
5752836.jpg,spider
5848207.jpg,spider
5848258.jpg,elephant
5856449.jpg,cow
5863375.jpg,horse
5870137.jpg,horse
5872431.jpg,cow
5898065.jpg,horse
5909095.jpg,horse
5925415.jpg,cow
5978618.jpg,spider
5980374.jpg,cow
5991922.jpg,spider
6025292.jpg,horse
6029630.jpg,horse
6049988.jpg,horse
6082460.jpg,elephant
6090593.jpg,spider
6092567.jpg,elephant
6110477.jpg,elephant
6143845.jpg,cow
6156553.jpg,elephant
6160762.jpg,cow
6169846.jpg,cow
6200127.jpg,elephant
6207866.jpg,spider
6209903.jpg,spider
6227413.jpg,spider
6250698.jpg,spider
6261422.jpg,spider
6272490.jpg,elephant
6281872.jpg,elephant
6294033.jpg,horse
6297024.jpg,spider
6311610.jpg,elephant
6318751.jpg,horse
6346822.jpg,spider
6347693.jpg,cow
6365460.jpg,horse
6391610.jpg,elephant
6400758.jpg,cow
6413559.jpg,cow
6440658.jpg,cow
6451566.jpg,horse
6458180.jpg,elephant
6485770.jpg,cow
6524048.jpg,spider
6526647.jpg,cow
6600381.jpg,cow
6686868.jpg,horse
6695351.jpg,elephant
6701432.jpg,spider
6701864.jpg,horse
6742762.jpg,cow
6753533.jpg,elephant
6753650.jpg,cow
6783818.jpg,cow
6797926.jpg,horse
6821332.jpg,elephant
6830553.jpg,spider
6832474.jpg,spider
6842483.jpg,horse
6842850.jpg,horse
6878423.jpg,elephant
6934657.jpg,spider
6938046.jpg,spider
6942385.jpg,spider
6957453.jpg,cow
6960744.jpg,spider
6963564.jpg,cow
6981040.jpg,elephant
7003591.jpg,cow
7035013.jpg,elephant
7043797.jpg,spider
7052621.jpg,spider
7059474.jpg,elephant
7105392.jpg,horse
7138793.jpg,elephant
7157448.jpg,horse
7173586.jpg,cow
7180017.jpg,cow
7204325.jpg,cow
7209230.jpg,spider
7238931.jpg,cow
7289387.jpg,horse
7301526.jpg,cow
7311885.jpg,elephant
7312567.jpg,elephant
7330811.jpg,spider
7335078.jpg,elephant
7349696.jpg,horse
7389799.jpg,cow
7439205.jpg,spider
7448818.jpg,cow
7470282.jpg,cow
7481592.jpg,horse
7485608.jpg,elephant
7514645.jpg,elephant
7571956.jpg,cow
7575556.jpg,spider
7605523.jpg,elephant
7613665.jpg,spider
7613895.jpg,elephant
7614725.jpg,spider
7620386.jpg,horse
7626277.jpg,spider
7649226.jpg,horse
7655963.jpg,horse
7674964.jpg,spider
7687940.jpg,horse
7693608.jpg,cow
7711562.jpg,horse
7754445.jpg,elephant
7758224.jpg,spider
7768175.jpg,cow
7804995.jpg,spider
7877976.jpg,elephant
7891646.jpg,elephant
7905038.jpg,horse
7908679.jpg,horse
7913332.jpg,spider
7920771.jpg,spider
7940662.jpg,cow
7959877.jpg,cow
7984515.jpg,spider
8002278.jpg,horse
8009002.jpg,elephant
8012280.jpg,spider
8022810.jpg,cow
8037183.jpg,horse
8085848.jpg,spider
8087899.jpg,spider
8090293.jpg,horse
8118306.jpg,spider
8122112.jpg,horse
8139808.jpg,elephant
8168791.jpg,horse
8213483.jpg,horse
8232962.jpg,horse
8233425.jpg,spider
8238113.jpg,spider
8245620.jpg,horse
8289580.jpg,spider
8297892.jpg,cow
8323131.jpg,cow
8330266.jpg,spider
8330980.jpg,spider
8335096.jpg,horse
8337538.jpg,elephant
8352373.jpg,spider
8365868.jpg,cow
8370472.jpg,horse
8378144.jpg,spider
8392997.jpg,cow
8404958.jpg,elephant
8442716.jpg,horse
8442850.jpg,horse
8461801.jpg,elephant
8464232.jpg,elephant
8467904.jpg,horse
8560058.jpg,spider
8651132.jpg,spider
8670581.jpg,elephant
8693093.jpg,spider
8713082.jpg,cow
8714682.jpg,spider
8796076.jpg,spider
8799458.jpg,cow
8847068.jpg,elephant
8881235.jpg,cow
8912624.jpg,spider
8939942.jpg,elephant
8941714.jpg,spider
8948853.jpg,cow
8977348.jpg,cow
9011640.jpg,spider
9022348.jpg,horse
9063588.jpg,horse
9128188.jpg,cow
9134369.jpg,cow
9158601.jpg,horse
9161657.jpg,horse
9191981.jpg,spider
9206001.jpg,spider
9232476.jpg,horse
9246925.jpg,spider
9273728.jpg,spider
9278348.jpg,elephant
9281498.jpg,spider
9282272.jpg,cow
9300945.jpg,spider
9303878.jpg,spider
9353799.jpg,cow
9364050.jpg,spider
9368683.jpg,spider
9383163.jpg,elephant
9389089.jpg,spider
9450925.jpg,spider
9453608.jpg,elephant
9467517.jpg,horse
9467776.jpg,spider
9489942.jpg,elephant
9492748.jpg,cow
9508384.jpg,horse
9511319.jpg,cow
9531702.jpg,cow
9566875.jpg,elephant
9569056.jpg,spider
9600264.jpg,elephant
9612700.jpg,elephant
9623293.jpg,elephant
9701971.jpg,elephant
9753611.jpg,horse
9778128.jpg,spider
9845903.jpg,cow
9848968.jpg,cow
9857453.jpg,spider
9865461.jpg,cow
9871275.jpg,spider
9905934.jpg,cow
9917894.jpg,elephant
1001395.jpg,cow
1018287.jpg,spider
1101518.jpg,spider
1152582.jpg,spider
1179328.jpg,spider
1266109.jpg,spider
1399278.jpg,horse
1401372.jpg,horse
1405399.jpg,cow
1474416.jpg,spider
1498668.jpg,cow
1532229.jpg,spider
1621159.jpg,spider
1708948.jpg,horse
1720537.jpg,horse
1906707.jpg,elephant
1940380.jpg,horse
2060894.jpg,elephant
2083102.jpg,elephant
2089142.jpg,elephant
2142284.jpg,elephant
2167168.jpg,cow
2190304.jpg,horse
2241716.jpg,elephant
2249408.jpg,spider
2267657.jpg,horse
2325534.jpg,horse
2337446.jpg,elephant
2463343.jpg,cow
2464711.jpg,elephant
2467594.jpg,cow
2495775.jpg,spider
2497049.jpg,horse
2551627.jpg,spider
2575805.jpg,cow
2659503.jpg,cow
2678309.jpg,spider
2685708.jpg,cow
2700940.jpg,spider
2732582.jpg,horse
2741860.jpg,spider
2790386.jpg,horse
2805027.jpg,spider
2817633.jpg,cow
2911402.jpg,spider
2966927.jpg,cow
2997145.jpg,spider
3010993.jpg,spider
3202000.jpg,elephant
3212481.jpg,cow
3227065.jpg,elephant
3246546.jpg,cow
3269774.jpg,elephant
3283313.jpg,horse
3315885.jpg,spider
3391270.jpg,cow
3431944.jpg,cow
3509868.jpg,spider
3600098.jpg,cow
3618967.jpg,cow
3625554.jpg,elephant
3632124.jpg,cow
3667403.jpg,horse
3670283.jpg,horse
3917315.jpg,spider
3954712.jpg,cow
4018467.jpg,spider
4042291.jpg,horse
4121129.jpg,cow
4131231.jpg,cow
4155594.jpg,spider
4193673.jpg,horse
4224257.jpg,cow
4242196.jpg,spider
4254594.jpg,horse
4282880.jpg,spider
4319052.jpg,elephant
4319696.jpg,cow
4335620.jpg,elephant
4373470.jpg,horse
4452079.jpg,elephant
4452830.jpg,elephant
4489050.jpg,horse
4517249.jpg,spider
4532924.jpg,elephant
4563480.jpg,elephant
4580021.jpg,spider
4590447.jpg,horse
4607020.jpg,elephant
4749794.jpg,horse
4792616.jpg,elephant
4801805.jpg,horse
4953860.jpg,horse
5181937.jpg,elephant
5245283.jpg,elephant
5245739.jpg,elephant
5260332.jpg,cow
5329884.jpg,spider
5353756.jpg,cow
5447608.jpg,cow
5452357.jpg,horse
5454796.jpg,elephant
5493937.jpg,spider
5518166.jpg,horse
5535613.jpg,cow
5537628.jpg,elephant
5654770.jpg,horse
5664352.jpg,elephant
5700586.jpg,horse
5731346.jpg,elephant
5767654.jpg,cow
5990501.jpg,spider
6006413.jpg,cow
6018842.jpg,spider
6033680.jpg,elephant
6069599.jpg,horse
6093049.jpg,cow
6109947.jpg,spider
6121867.jpg,cow
6127062.jpg,spider
6141447.jpg,cow
6147166.jpg,spider
6191668.jpg,spider
6259695.jpg,elephant
6316130.jpg,spider
6341191.jpg,elephant
6346343.jpg,spider
6351830.jpg,horse
6363356.jpg,horse
6434351.jpg,horse
6497916.jpg,spider
6510504.jpg,elephant
6521100.jpg,elephant
6564601.jpg,spider
6578357.jpg,horse
6579054.jpg,horse
6613485.jpg,elephant
6622553.jpg,horse
6680721.jpg,cow
6687479.jpg,elephant
6690292.jpg,horse
6700517.jpg,elephant
6743715.jpg,cow
6753952.jpg,elephant
6801306.jpg,elephant
6827928.jpg,elephant
7031419.jpg,elephant
7064775.jpg,cow
7110847.jpg,spider
7254377.jpg,elephant
7259754.jpg,elephant
7327374.jpg,horse
7345217.jpg,elephant
7417621.jpg,horse
7430973.jpg,spider
7457156.jpg,cow
7462979.jpg,cow
7493214.jpg,spider
7535841.jpg,cow
7578335.jpg,spider
7648715.jpg,spider
7688176.jpg,spider
7762044.jpg,cow
7817903.jpg,horse
7836969.jpg,spider
7882740.jpg,elephant
7900620.jpg,cow
7914215.jpg,spider
7940849.jpg,spider
7941009.jpg,elephant
7986780.jpg,horse
8042130.jpg,horse
8060881.jpg,horse
8073120.jpg,spider
8092882.jpg,spider
8107721.jpg,spider
8167709.jpg,cow
8174923.jpg,elephant
8185180.jpg,spider
8231277.jpg,elephant
8304092.jpg,elephant
8327749.jpg,horse
8337797.jpg,cow
8464618.jpg,spider
8464992.jpg,horse
8551625.jpg,horse
8577509.jpg,spider
8618054.jpg,elephant
8640847.jpg,horse
8684930.jpg,elephant
8758932.jpg,cow
8761285.jpg,elephant
8860816.jpg,cow
8861351.jpg,elephant
8872114.jpg,horse
8905967.jpg,horse
8966535.jpg,cow
9008689.jpg,spider
9012722.jpg,cow
9119783.jpg,cow
9120565.jpg,elephant
9384046.jpg,elephant
9518939.jpg,cow
9520009.jpg,horse
9549244.jpg,elephant
9564204.jpg,spider
9567027.jpg,elephant
9611191.jpg,elephant
9631973.jpg,spider
9701077.jpg,cow
9735048.jpg,spider
9761455.jpg,cow
9793436.jpg,cow
9851634.jpg,cow
9853527.jpg,spider
9870505.jpg,cow
9872275.jpg,horse
9878526.jpg,spider
9992025.jpg,horse
9993045.jpg,cow
9997423.jpg,elephant
1003697.jpg,cow
1027945.jpg,horse
1048308.jpg,horse
1072621.jpg,spider
1077075.jpg,elephant
1098025.jpg,spider
1100973.jpg,horse
1117219.jpg,cow
1135715.jpg,elephant
1152702.jpg,cow
1169047.jpg,cow
1198885.jpg,elephant
1230926.jpg,spider
1245856.jpg,cow
1246118.jpg,horse
1271147.jpg,cow
1295139.jpg,elephant
1302473.jpg,elephant
1318564.jpg,elephant
1323340.jpg,spider
1335946.jpg,cow
1339944.jpg,spider
1369025.jpg,spider
1389507.jpg,elephant
1434390.jpg,elephant
1442028.jpg,spider
1489241.jpg,cow
1497450.jpg,horse
1530539.jpg,spider
1563430.jpg,cow
1568579.jpg,elephant
1610940.jpg,elephant
1631855.jpg,cow
1684853.jpg,horse
1697285.jpg,elephant
1708179.jpg,elephant
1723439.jpg,elephant
1747150.jpg,cow
1751443.jpg,spider
1754566.jpg,elephant
1771895.jpg,spider
1800845.jpg,horse
1801517.jpg,elephant
1807417.jpg,elephant
1819256.jpg,horse
1833643.jpg,elephant
1847743.jpg,spider
1873408.jpg,cow
1910166.jpg,spider
1913999.jpg,cow
1962135.jpg,cow
1962703.jpg,spider
2001231.jpg,spider
2009506.jpg,spider
2023758.jpg,spider
2093518.jpg,horse
2095545.jpg,elephant
2126480.jpg,cow
2152788.jpg,spider
2185572.jpg,spider
2189883.jpg,spider
2198863.jpg,horse
2202584.jpg,spider
2260106.jpg,spider
2267611.jpg,spider
2282644.jpg,elephant
2293266.jpg,horse
2304427.jpg,spider
2313445.jpg,cow
2337219.jpg,cow
2337875.jpg,cow
2347271.jpg,horse
2376411.jpg,horse
2400452.jpg,cow
2412573.jpg,spider
2448330.jpg,horse
2465297.jpg,cow
2467188.jpg,cow
2486762.jpg,spider
2531969.jpg,elephant
2552722.jpg,horse
2566962.jpg,spider
2604762.jpg,cow
2618938.jpg,cow
2660290.jpg,spider
2679498.jpg,horse
2715775.jpg,elephant
2722505.jpg,elephant
2733941.jpg,cow
2748472.jpg,horse
2763859.jpg,elephant
2817229.jpg,horse
2845783.jpg,horse
2857989.jpg,cow
2858626.jpg,elephant
2861718.jpg,spider
2897629.jpg,elephant
2909849.jpg,elephant
2916453.jpg,elephant
2954925.jpg,elephant
2955161.jpg,elephant
2996143.jpg,horse
3004336.jpg,cow
3053050.jpg,horse
3056336.jpg,spider
3086622.jpg,elephant
3126915.jpg,cow
3147746.jpg,elephant
3149611.jpg,cow
3157269.jpg,horse
3181773.jpg,cow
3189174.jpg,spider
3232597.jpg,spider
3264255.jpg,cow
3278975.jpg,cow
3294281.jpg,cow
3301378.jpg,cow
3321074.jpg,spider
3332496.jpg,elephant
3333166.jpg,cow
3335225.jpg,cow
3346903.jpg,spider
3359135.jpg,spider
3365236.jpg,horse
3417238.jpg,cow
3428124.jpg,horse
3433316.jpg,spider
3447181.jpg,spider
3472713.jpg,elephant
3508984.jpg,cow
3514221.jpg,horse
3541850.jpg,spider
3542541.jpg,spider
3565416.jpg,horse
3580473.jpg,elephant
3595187.jpg,spider
3616382.jpg,cow
3629107.jpg,spider
3630690.jpg,cow
3630864.jpg,horse
3642144.jpg,cow
3646586.jpg,horse
3659186.jpg,cow
3668233.jpg,horse
3681201.jpg,cow
3710755.jpg,elephant
3721981.jpg,cow
3727690.jpg,cow
3739627.jpg,elephant
3746592.jpg,spider
3750861.jpg,spider
3759386.jpg,cow
3792483.jpg,elephant
3809462.jpg,cow
3835075.jpg,horse
3836423.jpg,horse
3839882.jpg,cow
3842459.jpg,spider
3844779.jpg,spider
3845073.jpg,cow
3848579.jpg,cow
3870980.jpg,horse
3871780.jpg,spider
3892269.jpg,cow
3895369.jpg,horse
3967587.jpg,spider
4006430.jpg,horse
4042617.jpg,spider
4048668.jpg,spider
4062178.jpg,horse
4062238.jpg,elephant
4092532.jpg,horse
4103591.jpg,spider
4118425.jpg,cow
4121978.jpg,cow
4127020.jpg,horse
4177629.jpg,spider
4189091.jpg,cow
4209916.jpg,spider
4211827.jpg,horse
4216162.jpg,cow
4220221.jpg,spider
4239502.jpg,cow
4266516.jpg,horse
4285059.jpg,spider
4287962.jpg,cow
4329538.jpg,horse
4402973.jpg,cow
4417961.jpg,cow
4419639.jpg,elephant
4428475.jpg,elephant
4474213.jpg,horse
4485250.jpg,elephant
4541590.jpg,horse
4590739.jpg,elephant
4619832.jpg,cow
4634942.jpg,horse
4640175.jpg,horse
4686215.jpg,cow
4721353.jpg,horse
4740588.jpg,horse
4805697.jpg,elephant
4821463.jpg,horse
4827886.jpg,spider
4829131.jpg,cow
4829197.jpg,elephant
4833725.jpg,elephant
4849146.jpg,spider
4914087.jpg,cow
4952320.jpg,cow
4988857.jpg,elephant
4991066.jpg,horse
4995583.jpg,elephant
5013836.jpg,cow
5025424.jpg,spider
5038246.jpg,elephant
5068524.jpg,cow
5087825.jpg,elephant
5100097.jpg,horse
5104772.jpg,elephant
5141247.jpg,elephant
5160642.jpg,cow
5174537.jpg,cow
5209598.jpg,cow
5216861.jpg,elephant
5243639.jpg,horse
5279046.jpg,spider
5302523.jpg,spider
5321785.jpg,cow
5329084.jpg,cow
5336057.jpg,elephant
5344145.jpg,spider
5357849.jpg,cow
5372678.jpg,horse
5381912.jpg,horse
5398612.jpg,cow
5403821.jpg,cow
5426742.jpg,spider
5427837.jpg,spider
5463170.jpg,elephant
5470130.jpg,spider
5476938.jpg,horse
5480502.jpg,horse
5495750.jpg,cow
5525003.jpg,spider
5547231.jpg,elephant
5634725.jpg,horse
5653228.jpg,horse
5684371.jpg,elephant
5709995.jpg,elephant
5713958.jpg,horse
5729530.jpg,horse
5731909.jpg,elephant
5745670.jpg,horse
5775392.jpg,cow
5806796.jpg,cow
5829829.jpg,elephant
5838060.jpg,spider
5855422.jpg,elephant
5919474.jpg,elephant
5933037.jpg,spider
5946812.jpg,spider
5973700.jpg,spider
6019261.jpg,cow
6027129.jpg,horse
6046211.jpg,cow
6055457.jpg,horse
6058093.jpg,cow
6073187.jpg,horse
6080396.jpg,cow
6092700.jpg,spider
6100420.jpg,elephant
6133286.jpg,cow
6136951.jpg,horse
6137978.jpg,spider
6147674.jpg,cow
6181915.jpg,cow
6247606.jpg,spider
6253240.jpg,cow
6275576.jpg,elephant
6276619.jpg,cow
6277899.jpg,elephant
6333078.jpg,elephant
6341338.jpg,spider
6345724.jpg,cow
6396080.jpg,spider
6406794.jpg,cow
6417963.jpg,cow
6420027.jpg,horse
6434033.jpg,cow
6434817.jpg,spider
6473071.jpg,elephant
6478160.jpg,cow
6506921.jpg,horse
6513421.jpg,spider
6517068.jpg,cow
6534264.jpg,spider
6544555.jpg,horse
6593447.jpg,horse
6600829.jpg,spider
6612680.jpg,cow
6619271.jpg,elephant
6621870.jpg,horse
6632938.jpg,cow
6659040.jpg,cow
6680253.jpg,elephant
6689163.jpg,horse
6705159.jpg,horse
6709779.jpg,cow
6744782.jpg,cow
6797524.jpg,elephant
6798273.jpg,elephant
6824014.jpg,horse
6835842.jpg,spider
6839263.jpg,horse
6844120.jpg,cow
6895389.jpg,horse
6906154.jpg,spider
6972736.jpg,spider
6980585.jpg,spider
6990332.jpg,spider
6994134.jpg,elephant
7008140.jpg,spider
7014931.jpg,spider
7041624.jpg,spider
7060690.jpg,cow
7061430.jpg,spider
7074270.jpg,elephant
7096335.jpg,spider
7134436.jpg,spider
7138045.jpg,elephant
7197781.jpg,spider
7198756.jpg,elephant
7224623.jpg,spider
7254916.jpg,elephant
7302139.jpg,spider
7307187.jpg,spider
7377994.jpg,cow
7394386.jpg,cow
7402160.jpg,spider
7407467.jpg,spider
7446894.jpg,horse
7451648.jpg,elephant
7455433.jpg,horse
7464180.jpg,cow
7469128.jpg,cow
7473935.jpg,cow
7477389.jpg,cow
7485671.jpg,spider
7523910.jpg,cow
7531141.jpg,spider
7559586.jpg,spider
7568315.jpg,cow
7574080.jpg,cow
7579483.jpg,elephant
7586185.jpg,horse
7596257.jpg,cow
7602869.jpg,elephant
7643643.jpg,elephant
7645555.jpg,horse
7647787.jpg,spider
7674082.jpg,horse
7682921.jpg,cow
7702554.jpg,elephant
7723099.jpg,elephant
7731477.jpg,spider
7739157.jpg,elephant
7772925.jpg,elephant
7781580.jpg,horse
7786018.jpg,cow
7801883.jpg,cow
7810841.jpg,horse
7815124.jpg,spider
7817809.jpg,cow
7867318.jpg,elephant
7911960.jpg,cow
7995469.jpg,elephant
8008595.jpg,spider
8069342.jpg,horse
8070780.jpg,cow
8076348.jpg,horse
8107714.jpg,cow
8113418.jpg,elephant
8120354.jpg,horse
8121758.jpg,cow
8136403.jpg,elephant
8212719.jpg,horse
8221854.jpg,horse
8226679.jpg,cow
8240098.jpg,cow
8249730.jpg,cow
8255987.jpg,elephant
8257454.jpg,cow
8269218.jpg,horse
8273264.jpg,horse
8299642.jpg,cow
8326489.jpg,cow
8331154.jpg,spider
8359797.jpg,horse
8368552.jpg,elephant
8382091.jpg,spider
8386902.jpg,cow
8448894.jpg,cow
8470580.jpg,horse
8502256.jpg,cow
8503708.jpg,elephant
8516516.jpg,horse
8520365.jpg,cow
8526489.jpg,horse
8552060.jpg,cow
8555338.jpg,cow
8612598.jpg,cow
8631785.jpg,elephant
8639907.jpg,elephant
8661247.jpg,horse
8668241.jpg,cow
8686403.jpg,cow
8760730.jpg,elephant
8772052.jpg,cow
8773297.jpg,elephant
8776295.jpg,cow
8785202.jpg,horse
8797131.jpg,cow
8799319.jpg,cow
8800161.jpg,spider
8802353.jpg,elephant
8831173.jpg,cow
8844779.jpg,cow
8867084.jpg,spider
8896315.jpg,spider
8898763.jpg,elephant
8929525.jpg,spider
8967285.jpg,horse
8985379.jpg,spider
9002260.jpg,horse
9016277.jpg,elephant
9033182.jpg,elephant
9034518.jpg,elephant
9076784.jpg,elephant
9107378.jpg,elephant
9119734.jpg,horse
9128939.jpg,horse
9148070.jpg,elephant
9151107.jpg,spider
9151713.jpg,cow
9153179.jpg,elephant
9182734.jpg,spider
9197839.jpg,cow
9215548.jpg,elephant
9216989.jpg,elephant
9249083.jpg,horse
9257208.jpg,cow
9262988.jpg,cow
9285451.jpg,spider
9286110.jpg,horse
9312990.jpg,horse
9315492.jpg,horse
9330146.jpg,horse
9353434.jpg,cow
9356201.jpg,cow
9384243.jpg,elephant
9397831.jpg,elephant
9426096.jpg,horse
9428231.jpg,horse
9428401.jpg,horse
9431544.jpg,elephant
9434749.jpg,spider
9511001.jpg,spider
9560347.jpg,elephant
9561027.jpg,elephant
9583370.jpg,elephant
9585507.jpg,elephant
9591259.jpg,elephant
9629789.jpg,elephant
9630983.jpg,horse
9638448.jpg,horse
9640007.jpg,horse
9658679.jpg,horse
9668956.jpg,elephant
9690490.jpg,spider
9703378.jpg,cow
9703927.jpg,elephant
9735299.jpg,cow
9772963.jpg,spider
9804788.jpg,horse
9811819.jpg,spider
9817451.jpg,elephant
9825871.jpg,horse
9829695.jpg,elephant
9857584.jpg,horse
9863040.jpg,cow
9904254.jpg,cow
9911593.jpg,cow
9929693.jpg,spider
9934812.jpg,elephant
9961588.jpg,spider
1007728.jpg,cow
1010432.jpg,elephant
1012134.jpg,cow
1039075.jpg,spider
1045164.jpg,spider
1055196.jpg,spider
1071906.jpg,cow
1092636.jpg,elephant
1093116.jpg,elephant
1094373.jpg,cow
1109421.jpg,elephant
1148608.jpg,cow
1157141.jpg,elephant
1158300.jpg,horse
1171318.jpg,horse
1183972.jpg,spider
1209008.jpg,horse
1216560.jpg,horse
1217050.jpg,horse
1220956.jpg,cow
1228408.jpg,horse
1265937.jpg,horse
1274277.jpg,spider
1305228.jpg,horse
1311020.jpg,horse
1311744.jpg,elephant
1336555.jpg,spider
1377461.jpg,spider
1389157.jpg,spider
1395346.jpg,spider
1397659.jpg,spider
1417136.jpg,spider
1450838.jpg,cow
1452468.jpg,horse
1513377.jpg,spider
1528391.jpg,horse
1529547.jpg,horse
1558497.jpg,cow
1560618.jpg,spider
1566572.jpg,elephant
1574926.jpg,cow
1617776.jpg,elephant
1647631.jpg,horse
1648653.jpg,horse
1661091.jpg,cow
1674528.jpg,cow
1674906.jpg,elephant
1696535.jpg,spider
1717174.jpg,elephant
1736937.jpg,cow
1739586.jpg,elephant
1769890.jpg,cow
1772837.jpg,elephant
1784198.jpg,cow
1794281.jpg,cow
1805705.jpg,spider
1854731.jpg,elephant
1870477.jpg,elephant
1899964.jpg,elephant
1931519.jpg,cow
1942590.jpg,elephant
1962815.jpg,elephant
1987470.jpg,cow
2003096.jpg,horse
2008353.jpg,cow
2024427.jpg,elephant
2032282.jpg,cow
2042168.jpg,horse
2054155.jpg,cow
2064315.jpg,elephant
2078392.jpg,horse
2078883.jpg,spider
2107157.jpg,elephant
2135664.jpg,horse
2142722.jpg,horse
2159002.jpg,spider
2160068.jpg,cow
2171970.jpg,cow
2208832.jpg,elephant
2223264.jpg,spider
2224314.jpg,cow
2225095.jpg,spider
2275429.jpg,horse
2279936.jpg,cow
2284093.jpg,spider
2291921.jpg,horse
2304219.jpg,horse
2335334.jpg,horse
2359673.jpg,spider
2366975.jpg,elephant
2414285.jpg,elephant
2414680.jpg,elephant
2441984.jpg,spider
2450503.jpg,horse
2467764.jpg,elephant
2473532.jpg,spider
2474823.jpg,elephant
2541457.jpg,cow
2546742.jpg,elephant
2547601.jpg,elephant
2559829.jpg,horse
2563029.jpg,spider
2597714.jpg,horse
2611602.jpg,horse
2626572.jpg,horse
2627336.jpg,horse
2638785.jpg,elephant
2651088.jpg,horse
2688877.jpg,horse
2737299.jpg,spider
2753655.jpg,cow
2759327.jpg,elephant
2768674.jpg,elephant
2803629.jpg,elephant
2858796.jpg,horse
2862278.jpg,horse
2876114.jpg,horse
2906838.jpg,spider
2916091.jpg,cow
2922548.jpg,horse
2965853.jpg,cow
2996467.jpg,spider
3047696.jpg,elephant
3063939.jpg,horse
3079532.jpg,cow
3081113.jpg,cow
3113048.jpg,horse
3118732.jpg,elephant
3126215.jpg,elephant
3166735.jpg,elephant
3171774.jpg,spider
3182516.jpg,cow
3185171.jpg,cow
3196162.jpg,cow
3223971.jpg,spider
3230300.jpg,cow
3247920.jpg,spider
3279945.jpg,horse
3299085.jpg,cow
3306184.jpg,cow
3309488.jpg,elephant
3315710.jpg,horse
3324731.jpg,spider
3326858.jpg,horse
3358035.jpg,elephant
3387488.jpg,elephant
3389296.jpg,horse
3407330.jpg,spider
3410879.jpg,spider
3422649.jpg,cow
3449011.jpg,spider
3478448.jpg,horse
3490252.jpg,elephant
3506721.jpg,cow
3519836.jpg,cow
3541773.jpg,elephant
3546933.jpg,spider
3562393.jpg,elephant
3580743.jpg,spider
3581354.jpg,elephant
3626955.jpg,horse
3659223.jpg,spider
3674014.jpg,horse
3705537.jpg,cow
3707375.jpg,elephant
3724431.jpg,cow
3742880.jpg,cow
3750785.jpg,cow
3756312.jpg,cow
3759185.jpg,elephant
3791734.jpg,cow
3818641.jpg,elephant
3851508.jpg,elephant
3854167.jpg,horse
3876015.jpg,spider
3898593.jpg,spider
3932916.jpg,elephant
3957669.jpg,horse
3960625.jpg,elephant
3967117.jpg,elephant
4069373.jpg,elephant
4135321.jpg,horse
4135651.jpg,spider
4146599.jpg,horse
4163346.jpg,cow
4171260.jpg,horse
4171884.jpg,horse
4173647.jpg,horse
4187622.jpg,horse
4203406.jpg,spider
4246418.jpg,cow
4272359.jpg,spider
4281421.jpg,spider
4298331.jpg,horse
4299558.jpg,elephant
4313576.jpg,elephant
4394270.jpg,spider
4435960.jpg,spider
4502634.jpg,horse
4511108.jpg,spider
4544265.jpg,horse
4570109.jpg,elephant
4588083.jpg,elephant
4588677.jpg,cow
4593612.jpg,elephant
4606808.jpg,spider
4629942.jpg,elephant
4636621.jpg,horse
4644295.jpg,elephant
4652879.jpg,cow
4662450.jpg,elephant
4704391.jpg,horse
4708538.jpg,horse
4755672.jpg,spider
4758356.jpg,elephant
4776961.jpg,horse
4782339.jpg,cow
4816694.jpg,spider
4828652.jpg,cow
4829075.jpg,elephant
4830099.jpg,elephant
4843358.jpg,elephant
4869352.jpg,spider
4908294.jpg,horse
4908539.jpg,spider
4924083.jpg,cow
4927711.jpg,spider
4929602.jpg,cow
4949255.jpg,spider
4988811.jpg,horse
5028401.jpg,cow
5048789.jpg,elephant
5077486.jpg,elephant
5099584.jpg,spider
5113436.jpg,elephant
5117463.jpg,cow
5129094.jpg,elephant
5172495.jpg,horse
5187281.jpg,horse
5196232.jpg,spider
5201325.jpg,cow
5228438.jpg,horse
5229500.jpg,horse
5229993.jpg,cow
5242764.jpg,elephant
5246427.jpg,elephant
5262068.jpg,spider
5262344.jpg,elephant
5277070.jpg,cow
5332039.jpg,horse
5333572.jpg,elephant
5353125.jpg,spider
5356693.jpg,elephant
5357107.jpg,cow
5371739.jpg,spider
5418039.jpg,elephant
5431105.jpg,spider
5454117.jpg,cow
5480757.jpg,horse
5497383.jpg,cow
5498690.jpg,cow
5498743.jpg,cow
5518248.jpg,cow
5526856.jpg,horse
5579182.jpg,horse
5595643.jpg,spider
5619377.jpg,elephant
5623771.jpg,horse
5624627.jpg,horse
5629392.jpg,elephant
5639330.jpg,horse
5646883.jpg,cow
5673533.jpg,cow
5674578.jpg,elephant
5717884.jpg,spider
5746593.jpg,spider
5783596.jpg,elephant
5848457.jpg,elephant
5874740.jpg,cow
5876616.jpg,spider
5888237.jpg,horse
5900963.jpg,cow
5903596.jpg,elephant
5915141.jpg,spider
5924881.jpg,horse
5932822.jpg,horse
5947189.jpg,cow
5955840.jpg,spider
5960825.jpg,spider
5975323.jpg,elephant
5980854.jpg,spider
6023611.jpg,spider
6128047.jpg,cow
6128644.jpg,spider
6137301.jpg,horse
6139292.jpg,cow
6149655.jpg,cow
6206902.jpg,elephant
6249783.jpg,spider
6273024.jpg,elephant
6324050.jpg,horse
6368027.jpg,cow
6374764.jpg,cow
6395469.jpg,cow
6442263.jpg,horse
6444502.jpg,horse
6449424.jpg,elephant
6464332.jpg,elephant
6477495.jpg,elephant
6542815.jpg,spider
6559882.jpg,cow
6576407.jpg,cow
6603743.jpg,elephant
6629019.jpg,cow
6640610.jpg,elephant
6657237.jpg,spider
6663359.jpg,spider
6666404.jpg,horse
6673925.jpg,spider
6678080.jpg,elephant
6731994.jpg,spider
6732530.jpg,horse
6744768.jpg,cow
6777208.jpg,elephant
6817913.jpg,cow
6874084.jpg,horse
6902526.jpg,horse
6906117.jpg,horse
6933298.jpg,cow
7034549.jpg,cow
7039972.jpg,cow
7040274.jpg,cow
7040791.jpg,horse
7051447.jpg,horse
7056020.jpg,elephant
7122438.jpg,elephant
7125363.jpg,cow
7134990.jpg,spider
7165291.jpg,spider
7177361.jpg,horse
7200876.jpg,horse
7220733.jpg,horse
7278167.jpg,elephant
7321669.jpg,elephant
7336914.jpg,horse
7417379.jpg,horse
7419232.jpg,horse
7435791.jpg,spider
7440835.jpg,elephant
7447533.jpg,spider
7469582.jpg,spider
7484220.jpg,horse
7504576.jpg,horse
7513254.jpg,cow
7544541.jpg,cow
7550033.jpg,spider
7570871.jpg,elephant
7574513.jpg,horse
7582835.jpg,horse
7583108.jpg,spider
7611327.jpg,cow
7621284.jpg,elephant
7624221.jpg,cow
7670174.jpg,cow
7679956.jpg,cow
7684157.jpg,cow
7686198.jpg,horse
7688048.jpg,horse
7688343.jpg,cow
7688395.jpg,elephant
7721031.jpg,spider
7726251.jpg,elephant
7764114.jpg,elephant
7774121.jpg,elephant
7779402.jpg,cow
7782078.jpg,horse
7811457.jpg,elephant
7813090.jpg,cow
7831036.jpg,elephant
7837312.jpg,elephant
7838630.jpg,cow
7883598.jpg,horse
7897233.jpg,horse
7929305.jpg,spider
7989593.jpg,cow
7994549.jpg,spider
7996356.jpg,spider
8009619.jpg,spider
8010492.jpg,horse
8017878.jpg,cow
8045742.jpg,spider
8052771.jpg,cow
8061989.jpg,cow
8068267.jpg,horse
8075112.jpg,spider
8093704.jpg,spider
8094613.jpg,cow
8138115.jpg,elephant
8146206.jpg,horse
8168008.jpg,horse
8191536.jpg,horse
8194286.jpg,horse
8210609.jpg,spider
8213656.jpg,spider
8244529.jpg,elephant
8275895.jpg,horse
8279731.jpg,horse
8294070.jpg,cow
8308020.jpg,spider
8308312.jpg,horse
8309846.jpg,elephant
8317158.jpg,elephant
8322646.jpg,spider
8331712.jpg,elephant
8347414.jpg,elephant
8380943.jpg,spider
8391080.jpg,horse
8393453.jpg,horse
8418247.jpg,elephant
8481270.jpg,elephant
8512697.jpg,horse
8512878.jpg,spider
8517714.jpg,elephant
8521492.jpg,cow
8528140.jpg,spider
8551475.jpg,elephant
8590476.jpg,elephant
8611600.jpg,cow
8634692.jpg,cow
8704999.jpg,horse
8719988.jpg,spider
8728896.jpg,spider
8732058.jpg,horse
8737557.jpg,spider
8757160.jpg,spider
8757779.jpg,spider
8867449.jpg,spider
8872787.jpg,spider
8883074.jpg,cow
8913259.jpg,spider
8969849.jpg,cow
8981307.jpg,spider
9007586.jpg,horse
9021599.jpg,elephant
9026955.jpg,cow
9041089.jpg,spider
9052031.jpg,horse
9062569.jpg,elephant
9074312.jpg,cow
9077677.jpg,elephant
9080180.jpg,horse
9089911.jpg,cow
9107789.jpg,elephant
9117245.jpg,spider
9141765.jpg,cow
9145023.jpg,elephant
9146752.jpg,horse
9156285.jpg,horse
9161073.jpg,cow
9162455.jpg,elephant
9164498.jpg,cow
9186612.jpg,cow
9214290.jpg,elephant
9237916.jpg,elephant
9276308.jpg,spider
9306100.jpg,elephant
9308158.jpg,horse
9335982.jpg,cow
9358387.jpg,cow
9365666.jpg,horse
9388958.jpg,elephant
9423621.jpg,horse
9439916.jpg,horse
9544035.jpg,spider
9565257.jpg,horse
9565759.jpg,cow
9571028.jpg,horse
9586962.jpg,cow
9603395.jpg,cow
9615122.jpg,cow
9636497.jpg,elephant
9640141.jpg,spider
9653766.jpg,cow
9676654.jpg,cow
9719099.jpg,elephant
9722727.jpg,cow
9749824.jpg,horse
9795692.jpg,horse
9827003.jpg,spider
9836458.jpg,cow
9839632.jpg,elephant
9852904.jpg,horse
9942956.jpg,elephant
9954828.jpg,elephant
9964350.jpg,horse
9982597.jpg,elephant
